category,level,question_text,option_a,option_b,option_c,option_d,correct_answer,explanation,is_premium,source,review_status
Burkina Faso,BEPC,"Selon le compte rendu du Conseil des ministres du 2 juillet 2025, combien de régions compte le Burkina Faso après la réorganisation administrative ?",15,17,13,45,1,Le compte rendu officiel indique que le Burkina Faso est passé de 13 à 17 régions lors de la réorganisation de juillet 2025.,false,"Présidence du Faso, Conseil des ministres du 2 juillet 2025",validated
Burkina Faso,BEPC,"Selon la réorganisation administrative annoncée le 2 juillet 2025, combien de provinces compte le Burkina Faso ?",45,17,350,47,3,Le communiqué officiel indique le passage de 45 à 47 provinces et de 13 à 17 régions.,false,"Présidence du Faso, Conseil des ministres du 2 juillet 2025",validated
Burkina Faso,BEPC,Quelle nouvelle région créée en 2025 a pour chef-lieu Djibo ?,Sirba,Soum,Tapoa,Sourou,1,Le compte rendu cite la région du Soum avec pour chef-lieu Djibo.,false,"Présidence du Faso, Conseil des ministres du 2 juillet 2025",validated
Burkina Faso,BEPC,Quelle nouvelle région créée en 2025 a pour chef-lieu Bogandé ?,Sourou,Sirba,Liptako,Kadiogo,1,La région de la Sirba est citée avec Bogandé comme chef-lieu.,false,"Présidence du Faso, Conseil des ministres du 2 juillet 2025",validated
Burkina Faso,BEPC,Quelle nouvelle région créée en 2025 a pour chef-lieu Diapaga ?,Soum,Tapoa,Nazinon,Bankui,1,La région de la Tapoa est mentionnée avec Diapaga comme chef-lieu.,false,"Présidence du Faso, Conseil des ministres du 2 juillet 2025",validated
Burkina Faso,BEPC,Quelle nouvelle région créée en 2025 a pour chef-lieu Tougan ?,Sourou,Yaadga,Goulmou,Sirba,0,Le compte rendu précise que la région du Sourou a pour chef-lieu Tougan.,false,"Présidence du Faso, Conseil des ministres du 2 juillet 2025",validated
Burkina Faso,BEPC,Quelle province nouvelle créée en 2025 a pour chef-lieu Kantchari ?,Kossin,Dyamongou,Karo-Peli,Djelgodji,1,Le communiqué cite la province du Dyamongou avec Kantchari comme chef-lieu.,false,"Présidence du Faso, Conseil des ministres du 2 juillet 2025",validated
Burkina Faso,BEPC,Quelle province nouvelle créée en 2025 a pour chef-lieu Arbinda ?,Bassitenga,Dyamongou,Karo-Peli,Sandbondtenga,2,Le communiqué cite la province de Karo-Peli avec Arbinda comme chef-lieu.,false,"Présidence du Faso, Conseil des ministres du 2 juillet 2025",validated
Burkina Faso,BEPC,Quel est le chef-lieu de la région du Kadiogo selon les toponymes endogènes de 2025 ?,Kaya,Ouagadougou,Dori,Manga,1,La liste officielle associe Kadiogo à Ouagadougou.,false,"Présidence du Faso, Conseil des ministres du 2 juillet 2025",validated
Burkina Faso,BEPC,Quel est le chef-lieu de la région du Guiriko selon la liste officielle de 2025 ?,Gaoua,Banfora,Koudougou,Bobo-Dioulasso,3,La liste officielle associe Guiriko à Bobo-Dioulasso.,false,"Présidence du Faso, Conseil des ministres du 2 juillet 2025",validated
Burkina Faso,BEPC,Quel est le chef-lieu de la région du Tannounyan ?,Ziniaré,Tougan,Dédougou,Banfora,3,La liste officielle associe Tannounyan à Banfora.,false,"Présidence du Faso, Conseil des ministres du 2 juillet 2025",validated
Burkina Faso,BEPC,Quel est le chef-lieu de la région du Djôrô ?,Ouahigouya,Kaya,Fada N’Gourma,Gaoua,3,La liste officielle associe Djôrô à Gaoua.,false,"Présidence du Faso, Conseil des ministres du 2 juillet 2025",validated
Burkina Faso,BEPC,Quel est le chef-lieu de la région du Goulmou ?,Bogandé,Tenkodogo,Diapaga,Fada N’Gourma,3,La liste officielle associe Goulmou à Fada N’Gourma.,false,"Présidence du Faso, Conseil des ministres du 2 juillet 2025",validated
Burkina Faso,BEPC,Quel est le chef-lieu de la région du Liptako ?,Tougan,Kaya,Dori,Djibo,2,La liste officielle associe Liptako à Dori.,false,"Présidence du Faso, Conseil des ministres du 2 juillet 2025",validated
Burkina Faso,BEPC,Quel est le chef-lieu de la région du Nando ?,Manga,Koudougou,Banfora,Gaoua,1,La liste officielle associe Nando à Koudougou.,false,"Présidence du Faso, Conseil des ministres du 2 juillet 2025",validated
Burkina Faso,BEPC,Quel est le chef-lieu de la région du Nakambé ?,Kaya,Manga,Tenkodogo,Ziniaré,2,La liste officielle associe Nakambé à Tenkodogo.,false,"Présidence du Faso, Conseil des ministres du 2 juillet 2025",validated
Burkina Faso,BEPC,Quel est le chef-lieu de la région du Nazinon ?,Dori,Dédougou,Ouagadougou,Manga,3,La liste officielle associe Nazinon à Manga.,false,"Présidence du Faso, Conseil des ministres du 2 juillet 2025",validated
Burkina Faso,BEPC,Quel est le chef-lieu de la région de l’Oubri ?,Ouahigouya,Kaya,Ziniaré,Koudougou,2,La liste officielle associe Oubri à Ziniaré.,false,"Présidence du Faso, Conseil des ministres du 2 juillet 2025",validated
Burkina Faso,BEPC,Quel est le chef-lieu de la région du Yaadga ?,Ouahigouya,Fada N’Gourma,Tougan,Bobo-Dioulasso,0,La liste officielle associe Yaadga à Ouahigouya.,false,"Présidence du Faso, Conseil des ministres du 2 juillet 2025",validated
Burkina Faso,BEPC,Quelle est la superficie indiquée pour le Burkina Faso sur la page de présentation de la Présidence du Faso ?,174 000 km²,374 000 km²,274 000 km²,47 000 km²,2,La page de présentation indique une superficie de 274 000 kilomètres carrés.,false,"Présidence du Faso, Présentation du Burkina Faso",validated
Burkina Faso,BEPC,Combien de pays frontaliers la page de présentation de la Présidence cite-t-elle pour le Burkina Faso ?,5,4,7,6,3,La page officielle indique que le Burkina Faso partage ses frontières avec six pays.,false,"Présidence du Faso, Présentation du Burkina Faso",validated
Burkina Faso,BEPC,Quel pays est cité comme frontalier du Burkina Faso au nord et à l’ouest ?,Bénin,Mali,Togo,Ghana,1,La présentation officielle cite le Mali au nord et à l’ouest.,false,"Présidence du Faso, Présentation du Burkina Faso",validated
Burkina Faso,BEPC,Quel pays est cité comme frontalier du Burkina Faso au nord et à l’est ?,Ghana,Niger,Togo,Côte d’Ivoire,1,La présentation officielle cite le Niger au nord et à l’est.,false,"Présidence du Faso, Présentation du Burkina Faso",validated
Burkina Faso,BEPC,Quel pays frontalier du Burkina Faso est situé au sud-est selon la présentation officielle ?,Côte d’Ivoire,Mali,Niger,Bénin,3,La présentation officielle cite le Bénin au sud-est.,false,"Présidence du Faso, Présentation du Burkina Faso",validated
Culture générale,BEPC,Quel organe pompe le sang dans le corps humain ?,Le foie,Le cœur,Les reins,Les poumons,1,Le cœur est le muscle qui propulse le sang dans les vaisseaux pour irriguer l’organisme.,false,Connaissance scolaire stable à vérifier lors de la revue éditoriale,validated
Culture générale,BEPC,Combien de joueurs une équipe de football aligne-t-elle sur le terrain ?,10,11,12,9,1,"Une équipe de football compte 11 joueurs sur le terrain, gardien inclus.",false,Connaissance scolaire stable à vérifier lors de la revue éditoriale,validated
Culture générale,BEPC,Quel est le symbole chimique de l’or ?,Fe,Or,Au,Ag,2,"Le symbole Au vient du latin aurum, qui signifie or.",false,Connaissance scolaire stable à vérifier lors de la revue éditoriale,validated
Culture générale,BEPC,Quelle est la planète la plus proche du Soleil ?,Jupiter,Mercure,Vénus,Mars,1,Mercure est la première planète du Système solaire en partant du Soleil.,false,Connaissance scolaire stable à vérifier lors de la revue éditoriale,validated
Culture générale,BEPC,Qui a écrit Les Misérables ?,Balzac,Molière,Émile Zola,Victor Hugo,3,Les Misérables est un roman de Victor Hugo publié au XIXe siècle.,false,Connaissance scolaire stable à vérifier lors de la revue éditoriale,validated
Histoire-Géo,BEPC,En quelle année a débuté la Première Guerre mondiale ?,1939,1914,1945,1918,1,La Première Guerre mondiale commence en 1914 et se termine en 1918.,false,Connaissance scolaire stable à vérifier lors de la revue éditoriale,validated
Histoire-Géo,BEPC,En quelle année l’ONU a-t-elle été créée ?,1945,1919,1960,1975,0,L’Organisation des Nations unies est créée en 1945 après la Seconde Guerre mondiale.,false,Connaissance scolaire stable à vérifier lors de la revue éditoriale,validated
Histoire-Géo,BEPC,Quel est le plus grand désert chaud du monde ?,Le Gobi,Le Kalahari,L’Atacama,Le Sahara,3,Le Sahara est généralement considéré comme le plus grand désert chaud du monde.,false,Connaissance scolaire stable à vérifier lors de la revue éditoriale,validated
Histoire-Géo,BEPC,La conférence de Berlin de 1884-1885 concernait principalement :,La création de l’ONU,La fin de la guerre froide,La création de l’Union africaine,Le partage de l’Afrique,3,La conférence de Berlin a organisé les règles du partage colonial de l’Afrique entre puissances européennes.,false,Connaissance scolaire stable à vérifier lors de la revue éditoriale,validated
Histoire-Géo,BEPC,La CEDEAO a été créée en quelle année ?,1963,1984,1994,1975,3,La Communauté économique des États de l’Afrique de l’Ouest a été fondée en 1975.,false,Connaissance scolaire stable à vérifier lors de la revue éditoriale,validated
SVT,BEPC,Quel gaz les plantes absorbent-elles principalement pour la photosynthèse ?,Le dioxyde de carbone,L’azote,L’hydrogène,L’oxygène,0,"Pendant la photosynthèse, la plante utilise le dioxyde de carbone et libère de l’oxygène.",true,Connaissance scolaire stable à vérifier lors de la revue éditoriale,validated
SVT,BEPC,Combien de chromosomes possède normalement une cellule humaine somatique ?,23,48,46,44,2,"Les cellules somatiques humaines possèdent 46 chromosomes, soit 23 paires.",true,Connaissance scolaire stable à vérifier lors de la revue éditoriale,validated
SVT,BEPC,Le paludisme est transmis principalement par :,L’eau salée,Le contact de la peau,Le moustique anophèle femelle,La mouche tsé-tsé,2,Le parasite du paludisme est transmis par la piqûre d’un moustique anophèle femelle infecté.,true,Connaissance scolaire stable à vérifier lors de la revue éditoriale,validated
SVT,BEPC,Quel organe assure principalement les échanges gazeux respiratoires ?,La rate,Les poumons,L’estomac,Le foie,1,Les poumons permettent les échanges d’oxygène et de dioxyde de carbone entre l’air et le sang.,true,Connaissance scolaire stable à vérifier lors de la revue éditoriale,validated
SVT,BEPC,Les tendons relient généralement :,Les nerfs aux muscles,La peau aux os,Les os entre eux,Les muscles aux os,3,Les tendons attachent les muscles aux os ; les ligaments relient surtout les os entre eux.,true,Connaissance scolaire stable à vérifier lors de la revue éditoriale,validated
Mathématiques,BEPC,Calcule : 12 + 9 = ?,11,23,19,21,3,On additionne les deux nombres : 12 + 9 = 21.,true,Règle scolaire vérifiée mécaniquement,validated
Mathématiques,BEPC,Calcule : 16 + 11 = ?,29,27,25,79,1,On additionne les deux nombres : 16 + 11 = 27.,true,Règle scolaire vérifiée mécaniquement,validated
Mathématiques,BEPC,Calcule : 20 + 13 = ?,31,33,66,35,1,On additionne les deux nombres : 20 + 13 = 33.,true,Règle scolaire vérifiée mécaniquement,validated
Mathématiques,BEPC,Calcule : 24 + 15 = ?,41,39,37,69,1,On additionne les deux nombres : 24 + 15 = 39.,true,Règle scolaire vérifiée mécaniquement,validated
Mathématiques,BEPC,Calcule : 28 + 17 = ?,43,47,88,45,3,On additionne les deux nombres : 28 + 17 = 45.,true,Règle scolaire vérifiée mécaniquement,validated
Mathématiques,BEPC,Calcule : 32 + 19 = ?,49,51,53,26,1,On additionne les deux nombres : 32 + 19 = 51.,true,Règle scolaire vérifiée mécaniquement,validated
Mathématiques,BEPC,Calcule : 36 + 21 = ?,59,77,55,57,3,On additionne les deux nombres : 36 + 21 = 57.,true,Règle scolaire vérifiée mécaniquement,validated
Mathématiques,BEPC,Calcule : 40 + 23 = ?,63,47,65,61,0,On additionne les deux nombres : 40 + 23 = 63.,true,Règle scolaire vérifiée mécaniquement,validated
Mathématiques,BEPC,Calcule : 44 + 25 = ?,69,33,71,67,0,On additionne les deux nombres : 44 + 25 = 69.,true,Règle scolaire vérifiée mécaniquement,validated
Mathématiques,BEPC,Calcule : 48 + 27 = ?,77,35,73,75,3,On additionne les deux nombres : 48 + 27 = 75.,true,Règle scolaire vérifiée mécaniquement,validated
Mathématiques,BEPC,Quelle est la valeur de 6 × 12 ?,78,60,18,72,3,La multiplication donne 6 × 12 = 72.,true,Règle scolaire vérifiée mécaniquement,validated
Mathématiques,BEPC,Quelle est la valeur de 7 × 9 ?,70,54,16,63,3,La multiplication donne 7 × 9 = 63.,true,Règle scolaire vérifiée mécaniquement,validated
Mathématiques,BEPC,Quelle est la valeur de 8 × 11 ?,96,77,88,19,2,La multiplication donne 8 × 11 = 88.,true,Règle scolaire vérifiée mécaniquement,validated
Mathématiques,BEPC,Quelle est la valeur de 9 × 9 ?,90,81,72,18,1,La multiplication donne 9 × 9 = 81.,true,Règle scolaire vérifiée mécaniquement,validated
Mathématiques,BEPC,Quelle est la valeur de 10 × 5 ?,15,45,50,60,2,La multiplication donne 10 × 5 = 50.,true,Règle scolaire vérifiée mécaniquement,validated
Mathématiques,BEPC,Quelle est la valeur de 11 × 5 ?,55,66,16,50,0,La multiplication donne 11 × 5 = 55.,true,Règle scolaire vérifiée mécaniquement,validated
Mathématiques,BEPC,Quelle est la valeur de 12 × 10 ?,110,22,132,120,3,La multiplication donne 12 × 10 = 120.,true,Règle scolaire vérifiée mécaniquement,validated
Mathématiques,BEPC,Quelle est la valeur de 13 × 9 ?,22,130,117,108,2,La multiplication donne 13 × 9 = 117.,true,Règle scolaire vérifiée mécaniquement,validated
Mathématiques,BEPC,Quelle est la valeur de 14 × 12 ?,156,26,168,182,2,La multiplication donne 14 × 12 = 168.,true,Règle scolaire vérifiée mécaniquement,validated
Mathématiques,BEPC,Quelle est la valeur de 15 × 5 ?,75,70,20,90,0,La multiplication donne 15 × 5 = 75.,true,Règle scolaire vérifiée mécaniquement,validated
Mathématiques,BEPC,Quelle est la valeur de 16 × 7 ?,128,105,112,23,2,La multiplication donne 16 × 7 = 112.,true,Règle scolaire vérifiée mécaniquement,validated
Mathématiques,BEPC,Quelle est la valeur de 17 × 12 ?,29,192,204,221,2,La multiplication donne 17 × 12 = 204.,true,Règle scolaire vérifiée mécaniquement,validated
Mathématiques,BEPC,Quelle est la valeur de 18 × 4 ?,22,90,68,72,3,La multiplication donne 18 × 4 = 72.,true,Règle scolaire vérifiée mécaniquement,validated
Mathématiques,BEPC,Quelle est la valeur de 19 × 12 ?,247,228,31,216,1,La multiplication donne 19 × 12 = 228.,true,Règle scolaire vérifiée mécaniquement,validated
Mathématiques,BEPC,Quelle est la valeur de 20 × 9 ?,171,180,200,29,1,La multiplication donne 20 × 9 = 180.,true,Règle scolaire vérifiée mécaniquement,validated
Mathématiques,BEPC,Quelle est la valeur de 21 × 6 ?,147,126,120,27,1,La multiplication donne 21 × 6 = 126.,true,Règle scolaire vérifiée mécaniquement,validated
Mathématiques,BEPC,Quelle est la valeur de 22 × 4 ?,84,26,110,88,3,La multiplication donne 22 × 4 = 88.,true,Règle scolaire vérifiée mécaniquement,validated
Mathématiques,BEPC,Quelle est la valeur de 23 × 10 ?,33,230,253,220,1,La multiplication donne 23 × 10 = 230.,true,Règle scolaire vérifiée mécaniquement,validated
Mathématiques,BEPC,Quelle est la valeur de 24 × 5 ?,115,144,120,29,2,La multiplication donne 24 × 5 = 120.,true,Règle scolaire vérifiée mécaniquement,validated
Mathématiques,BEPC,Quelle est la valeur de 25 × 12 ?,300,37,325,288,0,La multiplication donne 25 × 12 = 300.,true,Règle scolaire vérifiée mécaniquement,validated
Mathématiques,BEPC,15 % de 200 égale :,30,20,40,13,0,15 % signifie 15/100. Donc 15 % de 200 = 15 × 200 / 100 = 30.,true,Règle scolaire vérifiée mécaniquement,validated
Mathématiques,BEPC,20 % de 350 égale :,60,70,80,17,1,20 % signifie 20/100. Donc 20 % de 350 = 20 × 350 / 100 = 70.,true,Règle scolaire vérifiée mécaniquement,validated
Mathématiques,BEPC,25 % de 240 égale :,9,50,70,60,3,25 % signifie 25/100. Donc 25 % de 240 = 25 × 240 / 100 = 60.,true,Règle scolaire vérifiée mécaniquement,validated
Mathématiques,BEPC,30 % de 500 égale :,140,160,150,16,2,30 % signifie 30/100. Donc 30 % de 500 = 30 × 500 / 100 = 150.,true,Règle scolaire vérifiée mécaniquement,validated
Mathématiques,BEPC,40 % de 150 égale :,60,70,3,50,0,40 % signifie 40/100. Donc 40 % de 150 = 40 × 150 / 100 = 60.,true,Règle scolaire vérifiée mécaniquement,validated
Mathématiques,BEPC,5 % de 800 égale :,30,50,160,40,3,5 % signifie 5/100. Donc 5 % de 800 = 5 × 800 / 100 = 40.,true,Règle scolaire vérifiée mécaniquement,validated
Mathématiques,BEPC,35 % de 400 égale :,150,140,11,130,1,35 % signifie 35/100. Donc 35 % de 400 = 35 × 400 / 100 = 140.,true,Règle scolaire vérifiée mécaniquement,validated
Mathématiques,BEPC,60 % de 90 égale :,54,44,64,1,0,60 % signifie 60/100. Donc 60 % de 90 = 60 × 90 / 100 = 54.,true,Règle scolaire vérifiée mécaniquement,validated
Mathématiques,BEPC,75 % de 160 égale :,130,2,110,120,3,75 % signifie 75/100. Donc 75 % de 160 = 75 × 160 / 100 = 120.,true,Règle scolaire vérifiée mécaniquement,validated
Mathématiques,BEPC,8 % de 1250 égale :,100,110,156,90,0,8 % signifie 8/100. Donc 8 % de 1250 = 8 × 1250 / 100 = 100.,true,Règle scolaire vérifiée mécaniquement,validated
Mathématiques,BEPC,18 % de 300 égale :,54,44,64,16,0,18 % signifie 18/100. Donc 18 % de 300 = 18 × 300 / 100 = 54.,true,Règle scolaire vérifiée mécaniquement,validated
Mathématiques,BEPC,45 % de 200 égale :,4,90,100,80,1,45 % signifie 45/100. Donc 45 % de 200 = 45 × 200 / 100 = 90.,true,Règle scolaire vérifiée mécaniquement,validated
Mathématiques,BEPC,50 % de 370 égale :,175,185,7,195,1,50 % signifie 50/100. Donc 50 % de 370 = 50 × 370 / 100 = 185.,true,Règle scolaire vérifiée mécaniquement,validated
Mathématiques,BEPC,"Si x + 15 = 18, alors x vaut :",4,3,18,15,1,On soustrait 15 des deux côtés : x = 18 − 15 = 3.,true,Règle scolaire vérifiée mécaniquement,validated
Mathématiques,BEPC,"Si x + 6 = 10, alors x vaut :",6,4,5,10,1,On soustrait 6 des deux côtés : x = 10 − 6 = 4.,true,Règle scolaire vérifiée mécaniquement,validated
Mathématiques,BEPC,"Si x + 12 = 17, alors x vaut :",17,6,5,12,2,On soustrait 12 des deux côtés : x = 17 − 12 = 5.,true,Règle scolaire vérifiée mécaniquement,validated
Mathématiques,BEPC,"Si x + 9 = 15, alors x vaut :",6,7,9,15,0,On soustrait 9 des deux côtés : x = 15 − 9 = 6.,true,Règle scolaire vérifiée mécaniquement,validated
Mathématiques,BEPC,"Si x + 16 = 24, alors x vaut :",16,9,8,24,2,On soustrait 16 des deux côtés : x = 24 − 16 = 8.,true,Règle scolaire vérifiée mécaniquement,validated
Mathématiques,BEPC,"Si x + 16 = 25, alors x vaut :",16,10,9,25,2,On soustrait 16 des deux côtés : x = 25 − 16 = 9.,true,Règle scolaire vérifiée mécaniquement,validated
Mathématiques,BEPC,"Si x + 16 = 26, alors x vaut :",10,11,16,26,0,On soustrait 16 des deux côtés : x = 26 − 16 = 10.,true,Règle scolaire vérifiée mécaniquement,validated
Mathématiques,BEPC,"Si x + 9 = 20, alors x vaut :",9,12,20,11,3,On soustrait 9 des deux côtés : x = 20 − 9 = 11.,true,Règle scolaire vérifiée mécaniquement,validated
Mathématiques,BEPC,"Si x + 6 = 19, alors x vaut :",13,19,6,14,0,On soustrait 6 des deux côtés : x = 19 − 6 = 13.,true,Règle scolaire vérifiée mécaniquement,validated
Mathématiques,BEPC,"Si x + 12 = 26, alors x vaut :",14,12,26,15,0,On soustrait 12 des deux côtés : x = 26 − 12 = 14.,true,Règle scolaire vérifiée mécaniquement,validated
Mathématiques,BEPC,"Si x + 17 = 32, alors x vaut :",17,32,16,15,3,On soustrait 17 des deux côtés : x = 32 − 17 = 15.,true,Règle scolaire vérifiée mécaniquement,validated
Mathématiques,BEPC,"Si x + 14 = 30, alors x vaut :",30,16,14,17,1,On soustrait 14 des deux côtés : x = 30 − 14 = 16.,true,Règle scolaire vérifiée mécaniquement,validated
Mathématiques,BEPC,"Si x + 16 = 33, alors x vaut :",17,18,16,33,0,On soustrait 16 des deux côtés : x = 33 − 16 = 17.,true,Règle scolaire vérifiée mécaniquement,validated
Mathématiques,BEPC,"Si x + 8 = 26, alors x vaut :",26,8,18,19,2,On soustrait 8 des deux côtés : x = 26 − 8 = 18.,true,Règle scolaire vérifiée mécaniquement,validated
Mathématiques,BEPC,"Si x + 6 = 25, alors x vaut :",6,19,25,20,1,On soustrait 6 des deux côtés : x = 25 − 6 = 19.,true,Règle scolaire vérifiée mécaniquement,validated
Mathématiques,BEPC,"Si x + 6 = 26, alors x vaut :",26,21,20,6,2,On soustrait 6 des deux côtés : x = 26 − 6 = 20.,true,Règle scolaire vérifiée mécaniquement,validated
Mathématiques,BEPC,"Si x + 10 = 31, alors x vaut :",31,22,10,21,3,On soustrait 10 des deux côtés : x = 31 − 10 = 21.,true,Règle scolaire vérifiée mécaniquement,validated
Mathématiques,BEPC,"Si x + 9 = 31, alors x vaut :",22,9,23,31,0,On soustrait 9 des deux côtés : x = 31 − 9 = 22.,true,Règle scolaire vérifiée mécaniquement,validated
Mathématiques,BEPC,Quel est le périmètre d’un carré de côté 3 cm ?,16 cm,12 cm,9 cm,6 cm,1,Le périmètre d’un carré est 4 × côté. Donc 4 × 3 = 12 cm.,true,Règle scolaire vérifiée mécaniquement,validated
Mathématiques,BEPC,Quel est le périmètre d’un carré de côté 5 cm ?,24 cm,25 cm,20 cm,10 cm,2,Le périmètre d’un carré est 4 × côté. Donc 4 × 5 = 20 cm.,true,Règle scolaire vérifiée mécaniquement,validated
Mathématiques,BEPC,Quel est le périmètre d’un carré de côté 6 cm ?,36 cm,24 cm,12 cm,28 cm,1,Le périmètre d’un carré est 4 × côté. Donc 4 × 6 = 24 cm.,true,Règle scolaire vérifiée mécaniquement,validated
Mathématiques,BEPC,Quel est le périmètre d’un carré de côté 7 cm ?,49 cm,32 cm,28 cm,14 cm,2,Le périmètre d’un carré est 4 × côté. Donc 4 × 7 = 28 cm.,true,Règle scolaire vérifiée mécaniquement,validated
Mathématiques,BEPC,Quel est le périmètre d’un carré de côté 8 cm ?,16 cm,32 cm,64 cm,36 cm,1,Le périmètre d’un carré est 4 × côté. Donc 4 × 8 = 32 cm.,true,Règle scolaire vérifiée mécaniquement,validated
Mathématiques,BEPC,Quel est le périmètre d’un carré de côté 9 cm ?,18 cm,36 cm,40 cm,81 cm,1,Le périmètre d’un carré est 4 × côté. Donc 4 × 9 = 36 cm.,true,Règle scolaire vérifiée mécaniquement,validated
Mathématiques,BEPC,Quel est le périmètre d’un carré de côté 10 cm ?,100 cm,40 cm,20 cm,44 cm,1,Le périmètre d’un carré est 4 × côté. Donc 4 × 10 = 40 cm.,true,Règle scolaire vérifiée mécaniquement,validated
Mathématiques,BEPC,Quel est le périmètre d’un carré de côté 11 cm ?,44 cm,121 cm,22 cm,48 cm,0,Le périmètre d’un carré est 4 × côté. Donc 4 × 11 = 44 cm.,true,Règle scolaire vérifiée mécaniquement,validated
Mathématiques,BEPC,Quel est le périmètre d’un carré de côté 12 cm ?,48 cm,52 cm,24 cm,144 cm,0,Le périmètre d’un carré est 4 × côté. Donc 4 × 12 = 48 cm.,true,Règle scolaire vérifiée mécaniquement,validated
Mathématiques,BEPC,Quel est le périmètre d’un carré de côté 13 cm ?,26 cm,169 cm,52 cm,56 cm,2,Le périmètre d’un carré est 4 × côté. Donc 4 × 13 = 52 cm.,true,Règle scolaire vérifiée mécaniquement,validated
Mathématiques,BEPC,Quel est le périmètre d’un carré de côté 14 cm ?,196 cm,60 cm,28 cm,56 cm,3,Le périmètre d’un carré est 4 × côté. Donc 4 × 14 = 56 cm.,true,Règle scolaire vérifiée mécaniquement,validated
Mathématiques,BEPC,Quel est le périmètre d’un carré de côté 15 cm ?,225 cm,64 cm,60 cm,30 cm,2,Le périmètre d’un carré est 4 × côté. Donc 4 × 15 = 60 cm.,true,Règle scolaire vérifiée mécaniquement,validated
Mathématiques,BEPC,Quel est le périmètre d’un carré de côté 16 cm ?,32 cm,256 cm,64 cm,68 cm,2,Le périmètre d’un carré est 4 × côté. Donc 4 × 16 = 64 cm.,true,Règle scolaire vérifiée mécaniquement,validated
Mathématiques,BEPC,Quel est le périmètre d’un carré de côté 17 cm ?,68 cm,34 cm,72 cm,289 cm,0,Le périmètre d’un carré est 4 × côté. Donc 4 × 17 = 68 cm.,true,Règle scolaire vérifiée mécaniquement,validated
Mathématiques,BEPC,Quel est le périmètre d’un carré de côté 18 cm ?,324 cm,72 cm,76 cm,36 cm,1,Le périmètre d’un carré est 4 × côté. Donc 4 × 18 = 72 cm.,true,Règle scolaire vérifiée mécaniquement,validated
Mathématiques,BEPC,Quel est le périmètre d’un carré de côté 19 cm ?,38 cm,76 cm,361 cm,80 cm,1,Le périmètre d’un carré est 4 × côté. Donc 4 × 19 = 76 cm.,true,Règle scolaire vérifiée mécaniquement,validated
Mathématiques,BEPC,Quel est le périmètre d’un carré de côté 20 cm ?,40 cm,84 cm,80 cm,400 cm,2,Le périmètre d’un carré est 4 × côté. Donc 4 × 20 = 80 cm.,true,Règle scolaire vérifiée mécaniquement,validated
Mathématiques,BEPC,Quel est le périmètre d’un carré de côté 21 cm ?,441 cm,88 cm,84 cm,42 cm,2,Le périmètre d’un carré est 4 × côté. Donc 4 × 21 = 84 cm.,true,Règle scolaire vérifiée mécaniquement,validated
Mathématiques,BEPC,Quel est le périmètre d’un carré de côté 22 cm ?,88 cm,484 cm,92 cm,44 cm,0,Le périmètre d’un carré est 4 × côté. Donc 4 × 22 = 88 cm.,true,Règle scolaire vérifiée mécaniquement,validated
Mathématiques,BEPC,Quelle est l’aire d’un rectangle de longueur 12 cm et de largeur 5 cm ?,72 cm²,17 cm²,34 cm²,60 cm²,3,L’aire d’un rectangle est longueur × largeur : 12 × 5 = 60 cm².,true,Règle scolaire vérifiée mécaniquement,validated
Mathématiques,BEPC,Quelle est l’aire d’un rectangle de longueur 10 cm et de largeur 7 cm ?,34 cm²,70 cm²,80 cm²,17 cm²,1,L’aire d’un rectangle est longueur × largeur : 10 × 7 = 70 cm².,true,Règle scolaire vérifiée mécaniquement,validated
Mathématiques,BEPC,Quelle est l’aire d’un rectangle de longueur 18 cm et de largeur 4 cm ?,72 cm²,90 cm²,44 cm²,22 cm²,0,L’aire d’un rectangle est longueur × largeur : 18 × 4 = 72 cm².,true,Règle scolaire vérifiée mécaniquement,validated
Mathématiques,BEPC,Quelle est l’aire d’un rectangle de longueur 15 cm et de largeur 9 cm ?,135 cm²,24 cm²,150 cm²,48 cm²,0,L’aire d’un rectangle est longueur × largeur : 15 × 9 = 135 cm².,true,Règle scolaire vérifiée mécaniquement,validated
Mathématiques,BEPC,Quelle est l’aire d’un rectangle de longueur 22 cm et de largeur 8 cm ?,176 cm²,30 cm²,198 cm²,60 cm²,0,L’aire d’un rectangle est longueur × largeur : 22 × 8 = 176 cm².,true,Règle scolaire vérifiée mécaniquement,validated
Mathématiques,BEPC,Quelle est l’aire d’un rectangle de longueur 30 cm et de largeur 12 cm ?,84 cm²,360 cm²,42 cm²,390 cm²,1,L’aire d’un rectangle est longueur × largeur : 30 × 12 = 360 cm².,true,Règle scolaire vérifiée mécaniquement,validated
Mathématiques,BEPC,Quelle est l’aire d’un rectangle de longueur 14 cm et de largeur 11 cm ?,50 cm²,25 cm²,168 cm²,154 cm²,3,L’aire d’un rectangle est longueur × largeur : 14 × 11 = 154 cm².,true,Règle scolaire vérifiée mécaniquement,validated
Mathématiques,BEPC,Quelle est l’aire d’un rectangle de longueur 25 cm et de largeur 6 cm ?,175 cm²,31 cm²,150 cm²,62 cm²,2,L’aire d’un rectangle est longueur × largeur : 25 × 6 = 150 cm².,true,Règle scolaire vérifiée mécaniquement,validated
Mathématiques,BEPC,Quelle est l’aire d’un rectangle de longueur 16 cm et de largeur 13 cm ?,224 cm²,29 cm²,58 cm²,208 cm²,3,L’aire d’un rectangle est longueur × largeur : 16 × 13 = 208 cm².,true,Règle scolaire vérifiée mécaniquement,validated
Mathématiques,BEPC,Quelle est l’aire d’un rectangle de longueur 40 cm et de largeur 15 cm ?,110 cm²,55 cm²,600 cm²,640 cm²,2,L’aire d’un rectangle est longueur × largeur : 40 × 15 = 600 cm².,true,Règle scolaire vérifiée mécaniquement,validated
Mathématiques,BEPC,Quel est le carré de 4 ?,15,8,16,20,2,Le carré de 4 est 4 × 4 = 16.,true,Règle scolaire vérifiée mécaniquement,validated
Mathématiques,BEPC,Quel est le carré de 5 ?,10,25,24,30,1,Le carré de 5 est 5 × 5 = 25.,true,Règle scolaire vérifiée mécaniquement,validated
Mathématiques,BEPC,Quel est le carré de 6 ?,42,36,35,12,1,Le carré de 6 est 6 × 6 = 36.,true,Règle scolaire vérifiée mécaniquement,validated
Mathématiques,BEPC,Quel est le carré de 7 ?,56,49,14,48,1,Le carré de 7 est 7 × 7 = 49.,true,Règle scolaire vérifiée mécaniquement,validated
Mathématiques,BEPC,Quel est le carré de 8 ?,64,72,16,63,0,Le carré de 8 est 8 × 8 = 64.,true,Règle scolaire vérifiée mécaniquement,validated
Mathématiques,BEPC,Quel est le carré de 9 ?,90,81,18,80,1,Le carré de 9 est 9 × 9 = 81.,true,Règle scolaire vérifiée mécaniquement,validated
Mathématiques,BEPC,Quel est le carré de 10 ?,20,110,99,100,3,Le carré de 10 est 10 × 10 = 100.,true,Règle scolaire vérifiée mécaniquement,validated
Mathématiques,BEPC,Quel est le carré de 11 ?,132,22,120,121,3,Le carré de 11 est 11 × 11 = 121.,true,Règle scolaire vérifiée mécaniquement,validated
Mathématiques,BEPC,Quel est le carré de 12 ?,156,24,143,144,3,Le carré de 12 est 12 × 12 = 144.,true,Règle scolaire vérifiée mécaniquement,validated
Mathématiques,BEPC,Quel est le carré de 13 ?,168,182,169,26,2,Le carré de 13 est 13 × 13 = 169.,true,Règle scolaire vérifiée mécaniquement,validated
Mathématiques,BEPC,Quel est le carré de 14 ?,195,196,210,28,1,Le carré de 14 est 14 × 14 = 196.,true,Règle scolaire vérifiée mécaniquement,validated
Mathématiques,BEPC,Quel est le carré de 15 ?,225,240,224,30,0,Le carré de 15 est 15 × 15 = 225.,true,Règle scolaire vérifiée mécaniquement,validated
Mathématiques,BEPC,Quel est le carré de 16 ?,272,256,32,255,1,Le carré de 16 est 16 × 16 = 256.,true,Règle scolaire vérifiée mécaniquement,validated
Mathématiques,BEPC,Quel est le carré de 18 ?,324,36,323,342,0,Le carré de 18 est 18 × 18 = 324.,true,Règle scolaire vérifiée mécaniquement,validated
Mathématiques,BEPC,Quel est le carré de 20 ?,40,400,420,399,1,Le carré de 20 est 20 × 20 = 400.,true,Règle scolaire vérifiée mécaniquement,validated
Mathématiques,BEPC,Quel est le carré de 25 ?,624,50,650,625,3,Le carré de 25 est 25 × 25 = 625.,true,Règle scolaire vérifiée mécaniquement,validated
Psychotechnique,Concours,"Complète la suite : 2, 4, 8, 16, 32, ...",32,34,64,66,2,Chaque terme est multiplié par 2. Le terme suivant est 32 × 2 = 64.,true,Règle scolaire vérifiée mécaniquement,validated
Psychotechnique,Concours,"Complète la suite : 3, 6, 12, 24, 48, ...",48,96,98,50,1,Chaque terme est multiplié par 2. Le terme suivant est 48 × 2 = 96.,true,Règle scolaire vérifiée mécaniquement,validated
Psychotechnique,Concours,"Complète la suite : 4, 8, 16, 32, 64, ...",128,130,66,64,0,Chaque terme est multiplié par 2. Le terme suivant est 64 × 2 = 128.,true,Règle scolaire vérifiée mécaniquement,validated
Psychotechnique,Concours,"Complète la suite : 2, 6, 18, 54, 162, ...",162,489,486,165,2,Chaque terme est multiplié par 3. Le terme suivant est 162 × 3 = 486.,true,Règle scolaire vérifiée mécaniquement,validated
Psychotechnique,Concours,"Complète la suite : 5, 10, 20, 40, 80, ...",82,160,162,80,1,Chaque terme est multiplié par 2. Le terme suivant est 80 × 2 = 160.,true,Règle scolaire vérifiée mécaniquement,validated
Psychotechnique,Concours,"Complète la suite : 3, 9, 27, 81, 243, ...",732,246,243,729,3,Chaque terme est multiplié par 3. Le terme suivant est 243 × 3 = 729.,true,Règle scolaire vérifiée mécaniquement,validated
Psychotechnique,Concours,"Complète la suite : 6, 12, 24, 48, 96, ...",192,96,98,194,0,Chaque terme est multiplié par 2. Le terme suivant est 96 × 2 = 192.,true,Règle scolaire vérifiée mécaniquement,validated
Psychotechnique,Concours,"Complète la suite : 7, 14, 28, 56, 112, ...",226,224,114,112,1,Chaque terme est multiplié par 2. Le terme suivant est 112 × 2 = 224.,true,Règle scolaire vérifiée mécaniquement,validated
Psychotechnique,Concours,"Complète la suite : 4, 12, 36, 108, 324, ...",327,324,972,975,2,Chaque terme est multiplié par 3. Le terme suivant est 324 × 3 = 972.,true,Règle scolaire vérifiée mécaniquement,validated
Psychotechnique,Concours,"Complète la suite : 8, 16, 32, 64, 128, ...",130,256,258,128,1,Chaque terme est multiplié par 2. Le terme suivant est 128 × 2 = 256.,true,Règle scolaire vérifiée mécaniquement,validated
Psychotechnique,Concours,Un trajet commence à 8h15 et se termine à 10h40. Quelle est sa durée ?,1h25,145 min,2h35,2h25,3,"On convertit en minutes : arrivée 640, départ 495. Différence = 145 minutes, soit 2h25.",true,Règle scolaire vérifiée mécaniquement,validated
Psychotechnique,Concours,Un trajet commence à 7h30 et se termine à 9h05. Quelle est sa durée ?,0h35,95 min,1h35,1h45,2,"On convertit en minutes : arrivée 545, départ 450. Différence = 95 minutes, soit 1h35.",true,Règle scolaire vérifiée mécaniquement,validated
Psychotechnique,Concours,Un trajet commence à 13h45 et se termine à 16h20. Quelle est sa durée ?,1h35,2h35,155 min,2h45,1,"On convertit en minutes : arrivée 980, départ 825. Différence = 155 minutes, soit 2h35.",true,Règle scolaire vérifiée mécaniquement,validated
Psychotechnique,Concours,Un trajet commence à 6h50 et se termine à 8h10. Quelle est sa durée ?,80 min,1h20,1h30,0h20,1,"On convertit en minutes : arrivée 490, départ 410. Différence = 80 minutes, soit 1h20.",true,Règle scolaire vérifiée mécaniquement,validated
Psychotechnique,Concours,Un trajet commence à 14h05 et se termine à 17h35. Quelle est sa durée ?,3h30,210 min,2h30,3h40,0,"On convertit en minutes : arrivée 1055, départ 845. Différence = 210 minutes, soit 3h30.",true,Règle scolaire vérifiée mécaniquement,validated
Psychotechnique,Concours,Un trajet commence à 9h55 et se termine à 12h25. Quelle est sa durée ?,150 min,2h30,1h30,2h40,1,"On convertit en minutes : arrivée 745, départ 595. Différence = 150 minutes, soit 2h30.",true,Règle scolaire vérifiée mécaniquement,validated
Psychotechnique,Concours,Un trajet commence à 10h00 et se termine à 11h45. Quelle est sa durée ?,1h55,1h45,105 min,0h45,1,"On convertit en minutes : arrivée 705, départ 600. Différence = 105 minutes, soit 1h45.",true,Règle scolaire vérifiée mécaniquement,validated
Psychotechnique,Concours,Un trajet commence à 15h20 et se termine à 18h00. Quelle est sa durée ?,2h50,1h40,160 min,2h40,3,"On convertit en minutes : arrivée 1080, départ 920. Différence = 160 minutes, soit 2h40.",true,Règle scolaire vérifiée mécaniquement,validated
Psychotechnique,Concours,Quel est l’intrus parmi ces mots ?,carotte,orange,banane,mangue,0,L’intrus est « carotte » car les autres appartiennent à la catégorie : fruits.,true,Règle scolaire vérifiée mécaniquement,validated
Français,BEPC,Quel est le pluriel correct de « cheval » ?,chevaus,chevaux,chevales,chevals,1,"Le nom cheval fait son pluriel en -aux : un cheval, des chevaux.",true,Règle scolaire vérifiée mécaniquement,validated
Français,BEPC,"Dans la phrase « Il court rapidement », le mot « rapidement » est :",un adjectif,un adverbe,un nom,un déterminant,1,Rapidement précise la manière de courir ; c’est donc un adverbe.,true,Règle scolaire vérifiée mécaniquement,validated
Français,BEPC,Quel est le passé simple de « il fait » ?,il faisait,il fit,il fera,il a fait,1,"Au passé simple, le verbe faire à la 3e personne du singulier donne : il fit.",true,Règle scolaire vérifiée mécaniquement,validated
Français,BEPC,Quel mot est un synonyme de « effrayé » ?,apeuré,calme,rapide,joyeux,0,"Apeuré signifie saisi par la peur, comme effrayé.",true,Règle scolaire vérifiée mécaniquement,validated
Français,BEPC,"Dans « Les enfants jouent », le sujet est :",Les enfants,Les,enfants jouent,jouent,0,"Le sujet indique qui fait l’action. Ici, ce sont les enfants qui jouent.",true,Règle scolaire vérifiée mécaniquement,validated
Français,BEPC,Quelle phrase utilise correctement « à » ?,Je vais à l’école.,Elle à un livre.,On à fini.,Il a à mangé.,0,"« à » avec accent est une préposition ; dans « Je vais à l’école », il est correctement employé.",true,Règle scolaire vérifiée mécaniquement,validated
Français,BEPC,Quelle phrase utilise correctement « a » ?,Il à un cahier.,A la maison.,Je vais a école.,Il a un cahier.,3,« a » sans accent est le verbe avoir au présent : il a un cahier.,true,Règle scolaire vérifiée mécaniquement,validated
Français,BEPC,Quel est le féminin de « actif » ?,activa,actifve,actife,active,3,L’adjectif actif devient active au féminin.,true,Règle scolaire vérifiée mécaniquement,validated
Français,BEPC,Quel est le contraire de « courageux » ?,brave,peureux,audacieux,vaillant,1,Peureux est le contraire de courageux.,true,Règle scolaire vérifiée mécaniquement,validated
Français,BEPC,Quel type de phrase se termine généralement par un point d’interrogation ?,déclarative,exclamative,interrogative,impérative,2,Une phrase interrogative pose une question et se termine généralement par un point d’interrogation.,true,Règle scolaire vérifiée mécaniquement,validated
Français,BEPC,"Au présent de l’indicatif, complète : je ___ (parler).",parleent,parler,parles,parle,3,La forme correcte du verbe parler avec « je » au présent est « parle ».,true,Règle scolaire vérifiée mécaniquement,validated
Français,BEPC,"Au présent de l’indicatif, complète : nous ___ (parler).",parler,parlons,parlonss,parlonsent,1,La forme correcte du verbe parler avec « nous » au présent est « parlons ».,true,Règle scolaire vérifiée mécaniquement,validated
Français,BEPC,"Au présent de l’indicatif, complète : je ___ (finir).",finiss,finisent,finir,finis,3,La forme correcte du verbe finir avec « je » au présent est « finis ».,true,Règle scolaire vérifiée mécaniquement,validated
Français,BEPC,"Au présent de l’indicatif, complète : nous ___ (finir).",finissons,finissonss,finissonsent,finir,0,La forme correcte du verbe finir avec « nous » au présent est « finissons ».,true,Règle scolaire vérifiée mécaniquement,validated
Français,BEPC,"Au présent de l’indicatif, complète : je ___ (prendre).",prendss,prends,prendsent,prendre,1,La forme correcte du verbe prendre avec « je » au présent est « prends ».,true,Règle scolaire vérifiée mécaniquement,validated
Français,BEPC,"Au présent de l’indicatif, complète : nous ___ (prendre).",prenonsent,prenonss,prendre,prenons,3,La forme correcte du verbe prendre avec « nous » au présent est « prenons ».,true,Règle scolaire vérifiée mécaniquement,validated
Français,BEPC,"Au présent de l’indicatif, complète : j'___ (aller).",vais,vaiss,vaisent,aller,0,La forme correcte du verbe aller avec « je » au présent est « vais ».,true,Règle scolaire vérifiée mécaniquement,validated
Français,BEPC,"Au présent de l’indicatif, complète : nous ___ (aller).",allonss,aller,allonsent,allons,3,La forme correcte du verbe aller avec « nous » au présent est « allons ».,true,Règle scolaire vérifiée mécaniquement,validated
Français,BEPC,"Au présent de l’indicatif, complète : j'___ (être).",suis,suiss,être,suisent,0,La forme correcte du verbe être avec « je » au présent est « suis ».,true,Règle scolaire vérifiée mécaniquement,validated
Français,BEPC,"Au présent de l’indicatif, complète : nous ___ (être).",sommess,sommesent,être,sommes,3,La forme correcte du verbe être avec « nous » au présent est « sommes ».,true,Règle scolaire vérifiée mécaniquement,validated
Français,BEPC,"Au présent de l’indicatif, complète : j'___ (avoir).",ais,ai,aient,avoir,1,La forme correcte du verbe avoir avec « je » au présent est « ai ».,true,Règle scolaire vérifiée mécaniquement,validated
Français,BEPC,"Au présent de l’indicatif, complète : nous ___ (avoir).",avoir,avonsent,avonss,avons,3,La forme correcte du verbe avoir avec « nous » au présent est « avons ».,true,Règle scolaire vérifiée mécaniquement,validated
Mathématiques,BEPC,La fraction 1/2 correspond à quel pourcentage ?,20 %,50 %,40 %,60 %,1,"On divise 1 par 2, puis on multiplie par 100 : 1/2 × 100 = 50 %.",true,Règle scolaire vérifiée mécaniquement,validated
Mathématiques,BEPC,La fraction 1/3 correspond à quel pourcentage ?,30 %,23.3333 %,33.3333 %,43.3333 %,2,"On divise 1 par 3, puis on multiplie par 100 : 1/3 × 100 = 33.3333 %.",true,Règle scolaire vérifiée mécaniquement,validated
Mathématiques,BEPC,La fraction 2/3 correspond à quel pourcentage ?,15 %,56.6667 %,76.6667 %,66.6667 %,3,"On divise 2 par 3, puis on multiplie par 100 : 2/3 × 100 = 66.6667 %.",true,Règle scolaire vérifiée mécaniquement,validated
Mathématiques,BEPC,La fraction 3/4 correspond à quel pourcentage ?,13.3333 %,65 %,85 %,75 %,3,"On divise 3 par 4, puis on multiplie par 100 : 3/4 × 100 = 75 %.",true,Règle scolaire vérifiée mécaniquement,validated
Mathématiques,BEPC,La fraction 2/5 correspond à quel pourcentage ?,30 %,40 %,50 %,25 %,1,"On divise 2 par 5, puis on multiplie par 100 : 2/5 × 100 = 40 %.",true,Règle scolaire vérifiée mécaniquement,validated
Mathématiques,BEPC,La fraction 3/5 correspond à quel pourcentage ?,70 %,60 %,50 %,16.6667 %,1,"On divise 3 par 5, puis on multiplie par 100 : 3/5 × 100 = 60 %.",true,Règle scolaire vérifiée mécaniquement,validated
Mathématiques,BEPC,La fraction 4/5 correspond à quel pourcentage ?,12.5 %,70 %,80 %,90 %,2,"On divise 4 par 5, puis on multiplie par 100 : 4/5 × 100 = 80 %.",true,Règle scolaire vérifiée mécaniquement,validated
Mathématiques,BEPC,La fraction 5/8 correspond à quel pourcentage ?,62.5 %,16 %,72.5 %,52.5 %,0,"On divise 5 par 8, puis on multiplie par 100 : 5/8 × 100 = 62.5 %.",true,Règle scolaire vérifiée mécaniquement,validated
Mathématiques,BEPC,La fraction 3/10 correspond à quel pourcentage ?,30 %,20 %,33.3333 %,40 %,0,"On divise 3 par 10, puis on multiplie par 100 : 3/10 × 100 = 30 %.",true,Règle scolaire vérifiée mécaniquement,validated
Mathématiques,BEPC,La fraction 7/10 correspond à quel pourcentage ?,70 %,14.2857 %,80 %,60 %,0,"On divise 7 par 10, puis on multiplie par 100 : 7/10 × 100 = 70 %.",true,Règle scolaire vérifiée mécaniquement,validated
Mathématiques,BEPC,"Quelle est la moyenne de 10, 12 et 14 ?",13,36,11,12,3,La moyenne est la somme divisée par 3 : (10 + 12 + 14) / 3 = 12.,true,Règle scolaire vérifiée mécaniquement,validated
Mathématiques,BEPC,"Quelle est la moyenne de 8, 15 et 19 ?",42,14,13,15,1,La moyenne est la somme divisée par 3 : (8 + 15 + 19) / 3 = 14.,true,Règle scolaire vérifiée mécaniquement,validated
Mathématiques,BEPC,"Quelle est la moyenne de 20, 25 et 30 ?",75,25,26,24,1,La moyenne est la somme divisée par 3 : (20 + 25 + 30) / 3 = 25.,true,Règle scolaire vérifiée mécaniquement,validated
Mathématiques,BEPC,"Quelle est la moyenne de 6, 9 et 12 ?",8,27,10,9,3,La moyenne est la somme divisée par 3 : (6 + 9 + 12) / 3 = 9.,true,Règle scolaire vérifiée mécaniquement,validated
Mathématiques,BEPC,"Quelle est la moyenne de 11, 13 et 18 ?",13,42,15,14,3,La moyenne est la somme divisée par 3 : (11 + 13 + 18) / 3 = 14.,true,Règle scolaire vérifiée mécaniquement,validated
Mathématiques,BEPC,"Quelle est la moyenne de 7, 10 et 13 ?",9,30,11,10,3,La moyenne est la somme divisée par 3 : (7 + 10 + 13) / 3 = 10.,true,Règle scolaire vérifiée mécaniquement,validated
Mathématiques,BEPC,"Quelle est la moyenne de 14, 16 et 22 ?",16.3333,52,17.3333,18.3333,2,La moyenne est la somme divisée par 3 : (14 + 16 + 22) / 3 = 17.3333.,true,Règle scolaire vérifiée mécaniquement,validated
Mathématiques,BEPC,"Quelle est la moyenne de 18, 20 et 28 ?",66,23,22,21,2,La moyenne est la somme divisée par 3 : (18 + 20 + 28) / 3 = 22.,true,Règle scolaire vérifiée mécaniquement,validated
Mathématiques,BEPC,"Quelle est la moyenne de 5, 12 et 16 ?",11,33,12,10,0,La moyenne est la somme divisée par 3 : (5 + 12 + 16) / 3 = 11.,true,Règle scolaire vérifiée mécaniquement,validated
Mathématiques,BEPC,"Quelle est la moyenne de 9, 21 et 30 ?",21,20,19,60,1,La moyenne est la somme divisée par 3 : (9 + 21 + 30) / 3 = 20.,true,Règle scolaire vérifiée mécaniquement,validated
SVT,BEPC,Quel est le rôle principal des globules rouges ?,Fabriquer l’urine,Produire la bile,Digérer les aliments,Transporter le dioxygène,3,Les globules rouges transportent principalement le dioxygène grâce à l’hémoglobine.,true,Connaissance scolaire stable à vérifier lors de la revue éditoriale,validated
SVT,BEPC,Quel organe produit la bile ?,Le cœur,Le poumon,Le rein,Le foie,3,"Le foie produit la bile, qui aide à la digestion des graisses.",true,Connaissance scolaire stable à vérifier lors de la revue éditoriale,validated
SVT,BEPC,Quelle partie de la plante absorbe surtout l’eau et les sels minéraux ?,Les feuilles uniquement,Les fleurs,Les fruits,Les racines,3,Les racines absorbent l’eau et les sels minéraux présents dans le sol.,true,Connaissance scolaire stable à vérifier lors de la revue éditoriale,validated
SVT,BEPC,Comment appelle-t-on l’unité de base du vivant ?,Le tissu,La cellule,Le système,L’organe,1,La cellule est considérée comme l’unité structurale et fonctionnelle de base des êtres vivants.,true,Connaissance scolaire stable à vérifier lors de la revue éditoriale,validated
SVT,BEPC,Quel est le rôle principal des reins ?,Produire la bile,Absorber l’oxygène,Filtrer le sang et produire l’urine,Pomper le sang,2,Les reins filtrent le sang et éliminent des déchets sous forme d’urine.,true,Connaissance scolaire stable à vérifier lors de la revue éditoriale,validated
Histoire-Géo,BEPC,"Quel continent est traversé par l’équateur, le tropique du Cancer et le tropique du Capricorne ?",L’Océanie,L’Antarctique,L’Afrique,L’Europe,2,L’Afrique est traversée par ces trois lignes imaginaires importantes.,false,Connaissance scolaire stable à vérifier lors de la revue éditoriale,validated
Histoire-Géo,BEPC,Quel océan borde l’Afrique de l’Ouest ?,L’océan Arctique,L’océan Indien,L’océan Atlantique,L’océan Pacifique,2,L’Afrique de l’Ouest s’ouvre sur l’océan Atlantique.,false,Connaissance scolaire stable à vérifier lors de la revue éditoriale,validated
Culture générale,BEPC,Combien de continents compte-t-on généralement dans le modèle scolaire courant en Afrique francophone ?,5,6,8,4,1,"Dans de nombreux programmes francophones, on retient six continents : Afrique, Amérique, Antarctique, Asie, Europe et Océanie.",false,Connaissance scolaire stable à vérifier lors de la revue éditoriale,validated
Culture générale,BEPC,Quel est le siège de l’Union africaine ?,Addis-Abeba,Dakar,Nairobi,Abuja,0,"Le siège de l’Union africaine se trouve à Addis-Abeba, en Éthiopie.",false,Connaissance scolaire stable à vérifier lors de la revue éditoriale,validated
Culture générale,BEPC,Quelle monnaie est utilisée au Burkina Faso ?,Le cedi,Le franc guinéen,Le naira,Le franc CFA BCEAO,3,"Le Burkina Faso utilise le franc CFA de l’UEMOA, émis par la BCEAO.",false,Connaissance scolaire stable à vérifier lors de la revue éditoriale,validated
